location,Cases_x_Area
Ireland,9.500000000000004
United Kingdom,29.099999999999998
