location,Deaths_%_Cases,PopMi2,Week_Num
Ireland,161.39999999999998,2741.7000000000007,780
United Kingdom,366.2,10814.699999999997,780
